before,after
brand A,brand A
brand A,brand A
brand A,brand A
brand A,brand A
brand A,brand A
brand A,brand A
brand A,brand A
brand A,brand A
brand A,brand A
brand A,brand A
brand A,brand A
brand A,brand A
brand A,brand A
brand A,brand A
brand A,brand A
brand A,brand A
brand A,brand A
brand A,brand A
brand A,brand A
brand A,brand A
brand A,brand B
brand A,brand B
brand A,brand B
brand A,brand B
brand A,brand B
brand A,brand B
brand A,brand B
brand A,brand B
brand A,brand B
brand A,brand B
brand A,brand C
brand A,brand C
brand A,brand C
brand A,brand C
brand A,brand C
brand B,brand A
brand B,brand A
brand B,brand A
brand B,brand B
brand B,brand B
brand B,brand B
brand B,brand B
brand B,brand B
brand B,brand B
brand B,brand B
brand B,brand B
brand B,brand B
brand B,brand B
brand B,brand B
brand B,brand B
brand B,brand B
brand B,brand B
brand B,brand B
brand B,brand B
brand B,brand B
brand B,brand B
brand B,brand B
brand B,brand B
brand B,brand B
brand B,brand B
brand B,brand B
brand B,brand B
brand B,brand B
brand B,brand B
brand B,brand B
brand B,brand B
brand B,brand B
brand B,brand B
brand B,brand C
brand B,brand C
brand B,brand C
brand B,brand C
brand B,brand C
brand B,brand C
brand B,brand C
brand B,brand C
brand B,brand C
brand B,brand C
brand B,brand C
brand B,brand C
brand B,brand C
brand B,brand C
brand B,brand C
brand C,brand B
brand C,brand B
brand C,brand B
brand C,brand B
brand C,brand B
brand C,brand C
brand C,brand C
brand C,brand C
brand C,brand C
brand C,brand C
brand C,brand C
brand C,brand C
brand C,brand C
brand C,brand C
brand C,brand C
brand C,brand C
brand C,brand C
brand C,brand C
brand C,brand C
brand C,brand C
brand C,brand C
brand C,brand C
brand C,brand C
brand C,brand C
brand C,brand C
brand C,brand C
brand C,brand C
brand C,brand C
brand C,brand C
brand C,brand C
brand C,brand C
brand C,brand C
brand C,brand C
brand C,brand C
brand C,brand C
brand C,brand C
brand C,brand C
brand C,brand C
brand C,brand C
brand C,brand C
brand C,brand C
brand C,brand C
brand C,brand C
brand C,brand C
brand C,brand C
